{
    "alpha0": 0.1,
    "mu": 0.2,
    "maxIter": 100000,
    "lTol": 0.000001,
    "rTol": 0.0000001,
    "initialConditions": [1.0, 2.5, 3.7, 4.2]
}  