{
    "alpha0": 0.1,
    "mu": 0.2,
    "maxIter": 100000,
    "lTol": 0.000001,
    "rTol": 0.000001,
    "initialConditions": [0.0 , 0.0]
}  